{
  "rsi_14": 0.02382972091436386,
  "close_vs_sma10_pct": 0.015899641439318657,
  "close_vs_sma20_pct": 0.013866771012544632,
  "rsi_7": 0.013631395064294338,
  "session_asian": 0.013429047539830208,
  "session_london": 0.01299537904560566,
  "return_lag_3": 0.012703231535851955,
  "sma_20": 0.012636317871510983,
  "ema_50": 0.01242112461477518,
  "session_overlap": 0.012377011589705944,
  "ema_20": 0.012340988032519817,
  "rsi_21": 0.012084085494279861,
  "return_lag_5": 0.012056584469974041,
  "bb_upper_20": 0.01175813190639019,
  "macd_line": 0.01173482183367014,
  "atr_21": 0.011717163026332855,
  "momentum_3": 0.01163285132497549,
  "sma_10": 0.011533958837389946,
  "bb_pct_50": 0.011510370299220085,
  "stoch_k": 0.011495274491608143,
  "cci_14": 0.011446925811469555,
  "atr_7": 0.011422230862081051,
  "ema_10_50_cross": 0.011410355567932129,
  "sma_100": 0.011384274810552597,
  "return_lag_2": 0.011340410448610783,
  "close_std_10": 0.011294525116682053,
  "close_std_50": 0.01126583106815815,
  "ema_5_20_cross": 0.011257735081017017,
  "month": 0.01124794501811266,
  "bb_lower_20": 0.011230174452066422,
  "ema_10": 0.011161555536091328,
  "close_vs_sma200_pct": 0.01115449983626604,
  "roc_3": 0.011150142177939415,
  "atr_14_pct": 0.011128226295113564,
  "bb_lower_50": 0.011069828644394875,
  "body_to_range": 0.01106490008533001,
  "candle_body": 0.011064693331718445,
  "momentum_5": 0.011062050238251686,
  "return_lag_1": 0.011046944186091423,
  "cci_20": 0.011018783785402775,
  "di_diff": 0.011002392508089542,
  "roc_5": 0.01097054872661829,
  "close_skew_50": 0.010964951477944851,
  "close_lag_1": 0.010964379645884037,
  "sma_200": 0.010963221080601215,
  "ema_100": 0.010961905121803284,
  "hl_ratio": 0.010942322202026844,
  "vol_sma_10": 0.01091301441192627,
  "atr_14": 0.010885783471167088,
  "stoch_d": 0.010863821022212505,
  "bb_upper_50": 0.010830773040652275,
  "close_std_20": 0.010797183960676193,
  "ema_5": 0.010793287307024002,
  "momentum_10": 0.010776207782328129,
  "close_vs_sma50_pct": 0.010769221000373363,
  "bb_pct_20": 0.010754505172371864,
  "bb_width_50": 0.010747643187642097,
  "macd_signal": 0.010738259181380272,
  "stoch_k_d_diff": 0.010731297545135021,
  "di_pos": 0.010728579014539719,
  "volume": 0.010723344050347805,
  "roc_20": 0.010691401548683643,
  "vol_sma_50": 0.010678688995540142,
  "ema_200": 0.01065358892083168,
  "close_lag_5": 0.010647323913872242,
  "close_skew_20": 0.01062724832445383,
  "macd_hist": 0.010625011287629604,
  "obv": 0.010611467994749546,
  "adx": 0.010605261661112309,
  "vol_ratio": 0.01056788768619299,
  "close": 0.010548845864832401,
  "bb_width_20": 0.01054487843066454,
  "close_skew_10": 0.010528814047574997,
  "di_neg": 0.01050590816885233,
  "hour": 0.010503862053155899,
  "lower_shadow": 0.01044219546020031,
  "sma_50": 0.01044025830924511,
  "williams_r": 0.010390940122306347,
  "candle_range": 0.010270104743540287,
  "close_lag_2": 0.010198216885328293,
  "close_lag_3": 0.01017346978187561,
  "upper_shadow": 0.01012690644711256,
  "roc_10": 0.010115723125636578,
  "high": 0.010078771971166134,
  "day_of_week": 0.009775489568710327,
  "open": 0.009192019701004028,
  "low": 0.009140410460531712,
  "session_ny": 0.008870395831763744,
  "sma_5": 0.008746366016566753
}