{
  "close_vs_sma5_pct": 0.02680083177983761,
  "close_vs_sma10_pct": 0.018329685553908348,
  "williams_r": 0.01326703280210495,
  "stoch_k": 0.011482860893011093,
  "candle_body": 0.0113538708537817,
  "momentum_3": 0.01103854551911354,
  "roc_20": 0.010614641942083836,
  "momentum_20": 0.010406856425106525,
  "session_london": 0.010037217289209366,
  "ema_20": 0.009967430494725704,
  "close_lag_1": 0.009906606748700142,
  "roc_3": 0.009756756946444511,
  "ema_50": 0.00961188692599535,
  "bb_pct_20": 0.009540250524878502,
  "bb_upper_50": 0.00949238333851099,
  "return": 0.009376104921102524,
  "sma_50": 0.009347821585834026,
  "vol_sma10": 0.009325092658400536,
  "close_vs_sma200_pct": 0.009315096773207188,
  "cci_20": 0.009310448542237282
}